name	bytes	sha256
device-librooneyj-current.so	4476928	C2D1EB7F1B3B3E7071F5DBFDF065C088217788C059DC60CE73303B26E4C7781A
explore-combo-installed-librooneyj.so	4476928	A36E48B6F1D452A78616265ABE47D99E625F8C1F6E7D92C24FB1B0ECF26B6213
explore-createfloor-sigill-installed-librooneyj.so	4476928	31F06DE3E34A8E20B6680FB20190A82D4CD347DA908A9E61BB8DB1BE68847485
explore-state3-floorcmd-installed-librooneyj.so	4476928	9C837773042BA503882F24E0A42CB4D0C1D7A9834F325E3156BFD9407A28DDF3
explore-state4exit-installed-librooneyj.so	4476928	31F06DE3E34A8E20B6680FB20190A82D4CD347DA908A9E61BB8DB1BE68847485
from-device-base-clean-v1.apk	316635357	37732E8B677B46F6FE422116E2C72ECA5CABB21E42BC09EDF85F58007F01196E
from-device-base-v1.apk	304612335	6BB7F58628FD6F707A9FD76A1E0C04F0526BEC9BCD02A77B966FD9904DCE0628
from-device-base.apk	304569753	A1D90B1BEC96E536F013858EC3D75B253E7D6A74552F908AB278B5313B275B66
from-device-current.apk	304645963	5554548E7A96101C965064390DA3FC10FE359F1D2A1130FFC012E863C7F9FBA4
install-analysis-current-librooneyj.so	4476928	29FF7B274D4C9B01F413CA934B326178EEE38C29798CC768CC3BD48DE3EF657B
installed-lib-stock-createfloor.so	4476928	CC922CCCC226047B1BF6F19A7A4C06733CDD7434916085477F500E349C836C27
kssma-runtime-exploration-hierarchy-installed-librooneyj.so	4476928	485477C9FDC17698D1F5593EB133909357172820C8AB0497D77FB7B61711CCD0
librooneyj-exploration-action84-fix-ycheck.so	4476928	3882B36AF0FA089A3746AA3ABC7A8F555C60DB4F47BA2169712529F4D7513F72
librooneyj-exploration-anm-draw-entry-only-probe.so	4476928	2C773BAC470FCD1EE150EC72F3AE69DEBD18B2D617F336C50DC31F0A231FE5E1
librooneyj-exploration-anm-draw-entry-probe.so	4476928	71A960A8302CFE7A800D77C72909B2FF3DE7EC5F200C7D9753B6256416C7D351
librooneyj-exploration-area-floor-latch.so	4476928	414B3E056F99D28B707E424F801BD63F30D40EECB234E795287A30E0BB2F4EEC
librooneyj-exploration-area-return-classifier.so	4476928	17EB2A54B2214B37D4F2D29E202FD0B941101C8EE2F495E08AC8AA3516257B8B
librooneyj-exploration-area-return-rebuild-classifier.so	4476928	D4398334CF2F51640DAAA8B26DCF9B418BD3077317BCB63016DF079BDAEFA3FC
librooneyj-exploration-count-probe.so	4476928	CDE98D20616FC332F3F4AED3843BF54AA5B494BFED15C11374C0099B8E9DD126
librooneyj-exploration-drawrecord-entry-classifier.so	4476928	1D41240F56962E69DAD181E615898938DDCA1D309F067054D6685CB1A348E615
librooneyj-exploration-floorlist-action84-fix.so	4476928	B34C8519302FA4FBBF00BAC5D3DA951347C96B4A855ED6FEA360440AB60FC9F7
librooneyj-exploration-forced-update-zero84-visual.so	4476928	C2AD824D91D81E6B6F52D33C9960FFACA926BF55D0E27139C36410974BCF4EBE
librooneyj-exploration-natural-drawrecord-classifier.so	4476928	6462E213890F4F84ED361BB249A05E546FA7238136F9158BED5C006B74D21946
librooneyj-exploration-natural-zero84-probe.so	4476928	07367DC3AD47EA572D0CEA345765EBA54D28B62567C70FC57E641F3EAB54C6BE
librooneyj-exploration-natural-zero84-visual.so	4476928	5D8D49C3CBB77DDA1F29554AD72332A00FA62E1271AB4658C142CC240BA3F31F
librooneyj-exploration-picklist-draw-entry-probe.so	4476928	9E2C0449CBFA45895B2C7641CFB468F93AEF003708AD34ABBDB1A1BB359C0C67
librooneyj-exploration-picklist-draw-state-probe.so	4476928	4E49DF38371EBDCA0836AFFA62CE6E387E28AA3BD858BE31C292383BA6E465DD
librooneyj-exploration-picklist-drawbuffer-preserve-probe.so	4476928	22D6D413F42B09AF84E428FB0FC016AB44E40641C19D884086DFC388090AD79D
librooneyj-exploration-picklist-drawbuffer-probe.so	4476928	3CE2BDDFFAF5A7CA25D1267421A515FB1F0CA33895AB8F057A95527E49AAED2F
librooneyj-exploration-picklist-setrecords-probe.so	4476928	29E0C6FDA17C0F6052B24804808FE75293B3354FEC62B16EAE232EDFD0C3DBC2
librooneyj-exploration-postcreate-fourway-probe.so	4476928	84502B00EF8077DB2A6838387910C6D00011383A639AAFEEBCFF375BE71644F1
librooneyj-exploration-postdata-remake-experiment.so	4476928	8CEDFF15D94B5403605605FCB7315D4850CB18F237140F59D3E38107F7C12863
librooneyj-exploration-postdata-updateproperty-experiment.so	4476928	68C255F73E906CA0AC653A98224801B2B520456ED5D1825704B821ACA99DC8BE
librooneyj-exploration-postdata-updateproperty-floorhash.so	4476928	E7CD642E190388E715C573D305F599C7191C3F9DF0E00CFADBF4865B865FF73B
librooneyj-exploration-postdata-updateproperty-rodata-cave.so	4476928	33A62BD359161ABB49266C42559E76BCB69726667B8FF692891A5266D3FDA1D9
librooneyj-exploration-postfloor-state-entry-classifier.so	4476928	3216B3388844B18D9D8770CBF2E8434FE4415AA0A80AB5E42FD9435C49BC4735
librooneyj-exploration-postfloor-state-writer-classifier.so	4476928	D07E21CD70ABC2A5FF24002770FC1A50C540CFB20AB21A7F7E87E3AE129B4F42
librooneyj-exploration-preserve-state2-after-floor.so	4476928	20030DD87A207C2AD5D38E093D9AA0AB8376A67963AC44B397035359CF713753
librooneyj-exploration-preserve-state2-getselected-classifier.so	4476928	CC5505AC4D13622AF2486E41C13198D1DAF1E1C9F853E30F237C164806DDA818
librooneyj-exploration-remake-updateproperty-combo-bss.so	4476928	78BA3CCB46B5051E52ADE2A1765B75965413AC24418D10ACD5AA19E45C8C2D61
librooneyj-exploration-remake-updateproperty-combo.so	4476928	160F92E3EC58B72ACA36FF088D3E393FAC9A9920128E728853F6D399C2ACC735
librooneyj-exploration-retap-getselected-classifier.so	4476928	5E23670527EA2E7D26942B370152457DD34CA3202C0DA3D0B2D5CED7CAFA47E6
librooneyj-exploration-retap-state-classifier.so	4476928	4CAFAB69D65BB132333E999D086372C5EEF33CB2E1D0B229DDF2465221769285
librooneyj-exploration-setrecords-branch-probe.so	4476928	9B4228681AD4C85D040A0250319C48F0B9E6F7E209B64F4F154AFF0DCCF70A5F
librooneyj-exploration-setrecords-flooronly-classifier.so	4476928	22E7FF18CCF91592E8BD836E2C3590AA72D74F2800379B7EB0B0AFB1FCFE97A3
librooneyj-exploration-setrecords-identity-classifier.so	4476928	E35D6D0142C2E3E587C588A1291E7CBD5AB3701C20F19C598E614797409549A8
librooneyj-exploration-state-zero-writer-classifier.so	4476928	32AABEBB5BE4B517C25E83729992535B18641A675A18E34BF69EED22BD196C28
librooneyj-exploration-state2-action84-getselected-classifier.so	4476928	5F98CAD56B220774BBE505C3E69E75EF6B088C3D1B264EFDDDDDCA6F73045EBF
librooneyj-exploration-state2-entry-corrected-classifier.so	4476928	BEF0637EE9D76B2BBFAEE5C373800A13DD8FD7044FD6B6582F982D4258767279
librooneyj-exploration-state2-entry-negative-classifier.so	4476928	F6808D38DB4F7CFB2AA9E9189E952092CF15DFC4400FC71DB0509CEF43B582BA
librooneyj-exploration-sticky-floorlist-mode.so	4476928	485477C9FDC17698D1F5593EB133909357172820C8AB0497D77FB7B61711CCD0
librooneyj-exploration-y-source-probe.so	4476928	9C7034613E5A9B7EE150B194C4F5418BEC258F13AFCF520A23AC84972D15B8C9
librooneyj-restore-verify.so	4476928	CC922CCCC226047B1BF6F19A7A4C06733CDD7434916085477F500E349C836C27
million-cn-animationguard-signed.apk	304645964	C39F382D594FA28BEC1C9E87ADE12C43CED89358CE6C424170945BAB287C314D
million-cn-exploration-floorlist-xmlfix-signed.apk	304645957	76123F7AB0A8D1FEF0CD31107C29502A7DCF1CCE530C79FAEC5FDE1637159FE2
million-cn-explore-createfloor-sigill-signed.apk	304645959	58C0B0B7C6A8D6BCBAED32E09A52B4D4F39C0C93384990C6DB488DF5DF4C6CDE
million-cn-layoutpatch-signed.apk	304569081	A801CC6B527286A6A55B65EB509217356710A68975EF910461579F3D7B635C7B
million-cn-nativebypass-signed.apk	304569064	C22056579F76F6B907D45947A00F343F9839B984697CB3CAD7F62A87EC6A5E45
million-cn-patched-signed.apk	304568971	2E5FFCF3411EF6602CC4A41130A4A23B207593129A68BA2178CA39B289E20916
million-cn-sharedsave-signed.apk	304569062	6E577153CC13BE216B84083CF2EB67FA2AF5CE11386EE927869045E5F7916997
pulled-action84-ycheck-device.so	4476928	CC922CCCC226047B1BF6F19A7A4C06733CDD7434916085477F500E349C836C27
pulled-installed-current.apk	304645957	76123F7AB0A8D1FEF0CD31107C29502A7DCF1CCE530C79FAEC5FDE1637159FE2
